timestamp;x;y;theta
1646004551715;-0.7158500298290156;-0.8558338179184327;-0.10000000000000081
1646004551735;-0.7058500450598821;-0.855851271202071;-0.10000000000000081
1646004551756;-0.6958500602907487;-0.8558687244857094;-0.10000000000000081
1646004551776;-0.6858500755216153;-0.8558861777693477;-0.10000000000000081
1646004551795;-0.6758500907524818;-0.8559036310529861;-0.10000000000000081
1646004551816;-0.6658501059833484;-0.8559210843366244;-0.10000000000000081
1646004551836;-0.6558501212142149;-0.8559385376202627;-0.10000000000000081
1646004551855;-0.6458501364450815;-0.8559559909039011;-0.10000000000000081
1646004551875;-0.635850151675948;-0.8559734441875394;-0.10000000000000081
1646004551895;-0.6258501669068146;-0.8559908974711777;-0.10000000000000081
1646004551917;-0.6158501821376812;-0.8560083507548161;-0.10000000000000081
1646004551935;-0.6058501973685477;-0.8560258040384544;-0.10000000000000081
1646004551955;-0.5958502125994143;-0.8560432573220927;-0.10000000000000081
1646004551977;-0.5858502278302808;-0.8560607106057311;-0.10000000000000081
1646004551995;-0.5758502430611474;-0.8560781638893694;-0.10000000000000081
1646004552016;-0.565850258292014;-0.8560956171730078;-0.10000000000000081
1646004552035;-0.5558502735228805;-0.8561130704566461;-0.10000000000000081
1646004552055;-0.5458502887537471;-0.8561305237402844;-0.10000000000000081
1646004552075;-0.5358503039846136;-0.8561479770239228;-0.10000000000000081
1646004552096;-0.5258503192154802;-0.8561654303075611;-0.10000000000000081
1646004552115;-0.5158503344463468;-0.8561828835911994;-0.10000000000000081
1646004552136;-0.5058503496772133;-0.8562003368748378;-0.10000000000000081
1646004552155;-0.4958503649080799;-0.8562177901584761;-0.10000000000000081
1646004552176;-0.48585038013894644;-0.8562352434421144;-0.10000000000000081
1646004552196;-0.475850395369813;-0.8562526967257528;-0.10000000000000081
1646004552215;-0.46585041060067955;-0.8562701500093911;-0.10000000000000081
1646004552235;-0.4558504258315461;-0.8562876032930294;-0.10000000000000081
1646004552256;-0.4458504410624127;-0.8563050565766678;-0.10000000000000081
1646004552276;-0.43585045629327923;-0.8563225098603061;-0.10000000000000081
1646004552296;-0.4258504715241458;-0.8563399631439444;-0.10000000000000081
1646004552316;-0.41585048675501235;-0.8563574164275828;-0.10000000000000081
1646004552335;-0.4058505019858789;-0.8563748697112211;-0.10000000000000081
1646004552355;-0.39585051721674547;-0.8563923229948595;-0.10000000000000081
1646004552376;-0.385850532447612;-0.8564097762784978;-0.10000000000000081
1646004552396;-0.3758505476784786;-0.8564272295621361;-0.10000000000000081
1646004552416;-0.36585056290934515;-0.8564446828457745;-0.10000000000000081
1646004552436;-0.3558505781402117;-0.8564621361294128;-0.10000000000000081
1646004552456;-0.34585059337107826;-0.8564795894130511;-0.10000000000000081
1646004552476;-0.3358506086019448;-0.8564970426966895;-0.10000000000000081
1646004552496;-0.3258506238328114;-0.8565144959803278;-0.10000000000000081
1646004552515;-0.31585063906367794;-0.8565319492639661;-0.10000000000000081
1646004552537;-0.3058506542945445;-0.8565494025476045;-0.10000000000000081
1646004552556;-0.29585066952541106;-0.8565668558312428;-0.10000000000000081
1646004552576;-0.2858506847562776;-0.8565843091148811;-0.10000000000000081
1646004552596;-0.2758506999871442;-0.8566017623985195;-0.10000000000000081
1646004552615;-0.26585071521801074;-0.8566192156821578;-0.10000000000000081
1646004552635;-0.2558507304488773;-0.8566366689657962;-0.10000000000000081
1646004552657;-0.2458507456797441;-0.8566541222494345;-0.10000000000000081
1646004552675;-0.23585076091061122;-0.8566715755330728;-0.10000000000000081
1646004552697;-0.22585077614147833;-0.8566890288167112;-0.10000000000000081
1646004552716;-0.21585079137234545;-0.8567064821003495;-0.10000000000000081
1646004552735;-0.20585080660321256;-0.8567239353839878;-0.10000000000000081
1646004552756;-0.19585082183407967;-0.8567413886676262;-0.10000000000000081
1646004552777;-0.1858508370649468;-0.8567588419512645;-0.10000000000000081
1646004552795;-0.1758508522958139;-0.8567762952349028;-0.10000000000000081
1646004552817;-0.16585086752668102;-0.8567937485185412;-0.10000000000000081
1646004552836;-0.15585088275754813;-0.8568112018021795;-0.10000000000000081
1646004552856;-0.14585089798841525;-0.8568286550858178;-0.10000000000000081
1646004552875;-0.13585091321928236;-0.8568461083694562;-0.10000000000000081
1646004552895;-0.12585092845014947;-0.8568635616530945;-0.10000000000000081
1646004552916;-0.11585094368101659;-0.8568810149367329;-0.10000000000000081
1646004552936;-0.1058509589118837;-0.8568984682203712;-0.10000000000000081
1646004552955;-0.09585097414275082;-0.8569159215040095;-0.10000000000000081
1646004552977;-0.08585098937361793;-0.8569333747876479;-0.10000000000000081
1646004552995;-0.07585100460448505;-0.8569508280712862;-0.10000000000000081
1646004553015;-0.06585101983535216;-0.8569682813549245;-0.10000000000000081
1646004553036;-0.05585103506621927;-0.8569857346385629;-0.10000000000000081
1646004553055;-0.04585105029708639;-0.8570031879222012;-0.10000000000000081
1646004553075;-0.0358510655279535;-0.8570206412058395;-0.10000000000000081
1646004553095;-0.025851080758820616;-0.8570380944894779;-0.10000000000000081
1646004553116;-0.01585109598968773;-0.8570555477731162;-0.10000000000000081
1646004553136;-0.00585111122055481;-0.8570730010567545;-0.10000000000000081
1646004553157;0.004148873548578104;-0.8570904543403929;-0.10000000000000081
1646004553177;0.014148858317711024;-0.8571079076240312;-0.10000000000000081
1646004553197;0.024148843086843914;-0.8571253609076696;-0.10000000000000081
1646004553215;0.0341488278559768;-0.8571428141913079;-0.10000000000000081
1646004553235;0.04414881262510969;-0.8571602674749462;-0.10000000000000081
1646004553256;0.054148797394242575;-0.8571777207585846;-0.10000000000000081
1646004553276;0.06414878216337547;-0.8571951740422229;-0.10000000000000081
1646004553295;0.07414876693250835;-0.8572126273258612;-0.10000000000000081
1646004553316;0.08414875170164124;-0.8572300806094996;-0.10000000000000081
1646004553336;0.09414873647077412;-0.8572475338931379;-0.10000000000000081
1646004553355;0.10414872123990701;-0.8572649871767762;-0.10000000000000081
1646004553375;0.1141487060090399;-0.8572824404604146;-0.10000000000000081
1646004553395;0.12414869077817278;-0.8572998937440529;-0.10000000000000081
1646004553415;0.13414867554730567;-0.8573173470276912;-0.10000000000000081
1646004553436;0.14414866031643855;-0.8573348003113296;-0.10000000000000081
1646004553457;0.15414864508557144;-0.8573522535949679;-0.10000000000000081
1646004553476;0.16414862985470433;-0.8573697068786063;-0.10000000000000081
1646004553495;0.1741486146238372;-0.8573871601622446;-0.10000000000000081
1646004553515;0.1841485993929701;-0.8574046134458829;-0.10000000000000081
1646004553536;0.19414858416210298;-0.8574220667295213;-0.10000000000000081
1646004553558;0.20414856893123587;-0.8574395200131596;-0.10000000000000081
1646004553577;0.21414855370036875;-0.8574569732967979;-0.10000000000000081
1646004553596;0.22414853846950164;-0.8574744265804363;-0.10000000000000081
1646004553617;0.23414852323863453;-0.8574918798640746;-0.10000000000000081
1646004553636;0.2441485080077674;-0.8575093331477129;-0.10000000000000081
1646004553655;0.25414849277690055;-0.8575267864313513;-0.10000000000000081
1646004553676;0.264148477546034;-0.8575442397149896;-0.10000000000000081
1646004553698;0.27414846231516743;-0.857561692998628;-0.10000000000000081
1646004553716;0.28414844708430087;-0.8575791462822663;-0.10000000000000081
1646004553735;0.2941484318534343;-0.8575965995659046;-0.10000000000000081
1646004553756;0.30414841662256775;-0.857614052849543;-0.10000000000000081
1646004553775;0.3141484013917012;-0.8576315061331813;-0.10000000000000081
1646004553797;0.32414838616083463;-0.8576489594168196;-0.10000000000000081
1646004553816;0.3341483709299681;-0.857666412700458;-0.10000000000000081
1646004553836;0.3441483556991015;-0.8576838659840963;-0.10000000000000081
1646004553857;0.35414834046823496;-0.8577013192677346;-0.10000000000000081
1646004553876;0.3641483252373684;-0.857718772551373;-0.10000000000000081
1646004553895;0.37414831000650184;-0.8577362258350113;-0.10000000000000081
1646004553916;0.3841482947756353;-0.8577536791186496;-0.10000000000000081
1646004553935;0.3941482795447687;-0.857771132402288;-0.10000000000000081
1646004553955;0.40414826431390216;-0.8577885856859263;-0.10000000000000081
1646004553984;0.4141482490830356;-0.8578060389695646;-0.10000000000000081
1646004553995;0.42414823385216904;-0.857823492253203;-0.10000000000000081
1646004554015;0.4341482186213025;-0.8578409455368413;-0.10000000000000081
1646004554037;0.4441482033904359;-0.8578583988204797;-0.10000000000000081
1646004554056;0.45414818815956937;-0.857875852104118;-0.10000000000000081
1646004554076;0.4641481729287028;-0.8578933053877563;-0.10000000000000081
1646004554096;0.47414815769783625;-0.8579107586713947;-0.10000000000000081
1646004554116;0.4841481424669697;-0.857928211955033;-0.10000000000000081
1646004554136;0.49414812723610313;-0.8579456652386713;-0.10000000000000081
1646004554156;0.5041481120052366;-0.8579631185223097;-0.10000000000000081
1646004554176;0.51414809677437;-0.857980571805948;-0.10000000000000081
1646004554196;0.5241480815435035;-0.8579980250895863;-0.10000000000000081
1646004554215;0.5341480663126369;-0.8580154783732247;-0.10000000000000081
1646004554235;0.5441480510817703;-0.858032931656863;-0.10000000000000081
1646004554255;0.5541480358509038;-0.8580503849405013;-0.10000000000000081
1646004554275;0.5641480206200372;-0.8580678382241397;-0.10000000000000081
1646004554296;0.5741480053891707;-0.858085291507778;-0.10000000000000081
1646004554315;0.5841479901583041;-0.8581027447914163;-0.10000000000000081
1646004554336;0.5941479749274375;-0.8581201980750547;-0.10000000000000081
1646004554357;0.604147959696571;-0.858137651358693;-0.10000000000000081
1646004554377;0.6141479444657044;-0.8581551046423314;-0.10000000000000081
1646004554395;0.6241479292348379;-0.8581725579259697;-0.10000000000000081
1646004554415;0.6341479140039713;-0.858190011209608;-0.10000000000000081
1646004554436;0.6441478987731047;-0.8582074644932464;-0.10000000000000081
1646004554455;0.6541478835422382;-0.8582249177768847;-0.10000000000000081
1646004554475;0.6641478683113716;-0.858242371060523;-0.10000000000000081
1646004554496;0.6741478530805051;-0.8582598243441614;-0.10000000000000081
1646004554517;0.6841478378496385;-0.8582772776277997;-0.10000000000000081
1646004554536;0.694147822618772;-0.858294730911438;-0.10000000000000081
1646004554556;0.7041478073879054;-0.8583121841950764;-0.10000000000000081
1646004554577;0.7141477921570388;-0.8583296374787147;-0.10000000000000081
1646004554597;0.7241477769261723;-0.858347090762353;-0.10000000000000081
1646004554615;0.7341477616953057;-0.8583645440459914;-0.10000000000000081
1646004554635;0.7441477464644392;-0.8583819973296297;-0.10000000000000081
1646004554655;0.7541477312335726;-0.8583994506132681;-0.10000000000000081
1646004554675;0.764147716002706;-0.8584169038969064;-0.10000000000000081
1646004554696;0.7741477007718395;-0.8584343571805447;-0.10000000000000081
1646004554716;0.7841476855409729;-0.8584518104641831;-0.10000000000000081
1646004554735;0.7941476703101064;-0.8584692637478214;-0.10000000000000081
1646004554755;0.8041476550792398;-0.8584867170314597;-0.10000000000000081
1646004554775;0.8141476398483732;-0.8585041703150981;-0.10000000000000081
1646004554796;0.8241476246175067;-0.8585216235987364;-0.10000000000000081
1646004554816;0.8341476093866401;-0.8585390768823747;-0.10000000000000081
1646004554837;0.8441475941557736;-0.8585565301660131;-0.10000000000000081
1646004554857;0.854147578924907;-0.8585739834496514;-0.10000000000000081
1646004554876;0.8641475636940404;-0.8585914367332897;-0.10000000000000081
1646004554895;0.8741475484631739;-0.8586088900169281;-0.10000000000000081
1646004554916;0.8841475332323073;-0.8586263433005664;-0.10000000000000081
1646004554937;0.8941475180014408;-0.8586437965842048;-0.10000000000000081
1646004554956;0.9041475027705742;-0.8586612498678431;-0.10000000000000081
1646004554977;0.9141474875397076;-0.8586787031514814;-0.10000000000000081
1646004554996;0.9241474723088411;-0.8586961564351198;-0.10000000000000081
1646004555015;0.9341474570779745;-0.8587136097187581;-0.10000000000000081
1646004555035;0.944147441847108;-0.8587310630023964;-0.10000000000000081
1646004555056;0.9541474266162414;-0.8587485162860348;-0.10000000000000081
1646004555075;0.9641474113853749;-0.8587659695696731;-0.10000000000000081
1646004555096;0.9741473961545083;-0.8587834228533114;-0.10000000000000081
1646004555116;0.9841473809236417;-0.8588008761369498;-0.10000000000000081
1646004555136;0.9941473656927752;-0.8588183294205881;-0.10000000000000081
1646004555157;1.0041473504619085;-0.8588357827042264;-0.10000000000000081
1646004555177;1.014147335231042;-0.8588532359878648;-0.10000000000000081
1646004555198;1.0241473200001754;-0.8588706892715031;-0.10000000000000081
1646004555217;1.0341473047693088;-0.8588881425551415;-0.10000000000000081
1646004555236;1.0441472895384423;-0.8589055958387798;-0.10000000000000081
1646004555256;1.0541472743075757;-0.8589230491224181;-0.10000000000000081
1646004555275;1.0641472590767092;-0.8589405024060565;-0.10000000000000081
1646004555296;1.0741472438458426;-0.8589579556896948;-0.10000000000000081
1646004555316;1.084147228614976;-0.8589754089733331;-0.10000000000000081
1646004555336;1.0941472133841095;-0.8589928622569715;-0.10000000000000081
1646004555356;1.104147198153243;-0.8590103155406098;-0.10000000000000081
1646004555376;1.1141471829223764;-0.8590277688242481;-0.10000000000000081
1646004555395;1.1241471676915098;-0.8590452221078865;-0.10000000000000081
1646004555415;1.1341471524606432;-0.8590626753915248;-0.10000000000000081
1646004555435;1.1441471372297767;-0.8590801286751631;-0.10000000000000081
1646004555456;1.1541471219989101;-0.8590975819588015;-0.10000000000000081
1646004555476;1.1641471067680436;-0.8591150352424398;-0.10000000000000081
1646004555496;1.174147091537177;-0.8591324885260782;-0.10000000000000081
1646004555515;1.1841470763063104;-0.8591499418097165;-0.10000000000000081
1646004555535;1.1941470610754439;-0.8591673950933548;-0.10000000000000081
1646004555555;1.2041470458445773;-0.8591848483769932;-0.10000000000000081
1646004555576;1.2141470306137108;-0.8592023016606315;-0.10000000000000081
1646004555596;1.2241470153828442;-0.8592197549442698;-0.10000000000000081
1646004555618;1.2341470001519776;-0.8592372082279082;-0.10000000000000081
1646004555637;1.244146984921111;-0.8592546615115465;-0.10000000000000081
1646004555656;1.2541469696902445;-0.8592721147951848;-0.10000000000000081
1646004555677;1.264146954459378;-0.8592895680788232;-0.10000000000000081
1646004555697;1.2741469392285114;-0.8593070213624615;-0.10000000000000081
1646004555716;1.2841469239976449;-0.8593244746460998;-0.10000000000000081
1646004555736;1.2941469087667783;-0.8593419279297382;-0.10000000000000081
1646004555756;1.3041468935359117;-0.8593593812133765;-0.10000000000000081
1646004555775;1.3141468783050452;-0.8593768344970149;-0.10000000000000081
1646004555797;1.3241468630741786;-0.8593942877806532;-0.10000000000000081
1646004555817;1.334146847843312;-0.8594117410642915;-0.10000000000000081
1646004555836;1.3441468326124455;-0.8594291943479299;-0.10000000000000081
1646004555856;1.354146817381579;-0.8594466476315682;-0.10000000000000081
1646004555877;1.3641468021507124;-0.8594641009152065;-0.10000000000000081
1646004555895;1.3741467869198458;-0.8594815541988449;-0.10000000000000081
1646004555916;1.3841467716889793;-0.8594990074824832;-0.10000000000000081
1646004555936;1.3941467564581127;-0.8595164607661215;-0.10000000000000081
1646004555956;1.4041467412272461;-0.8595339140497599;-0.10000000000000081
1646004555980;1.4141467259963796;-0.8595513673333982;-0.10000000000000081
1646004555996;1.424146710765513;-0.8595688206170365;-0.10000000000000081
1646004556015;1.4341466955346465;-0.8595862739006749;-0.10000000000000081
1646004556036;1.44414668030378;-0.8596037271843132;-0.10000000000000081
1646004556056;1.4541466650729133;-0.8596211804679516;-0.10000000000000081
1646004556075;1.4641466498420468;-0.8596386337515899;-0.10000000000000081
1646004556096;1.4741466346111802;-0.8596560870352282;-0.10000000000000081
1646004556116;1.4841466193803137;-0.8596735403188666;-0.10000000000000081
1646004556135;1.494146604149447;-0.8596909936025049;-0.10000000000000081
1646004556155;1.5041465889185806;-0.8597084468861432;-0.10000000000000081
1646004556176;1.514146573687714;-0.8597259001697816;-0.10000000000000081
1646004556195;1.5241465584568474;-0.8597433534534199;-0.10000000000000081
1646004556218;1.5341465432259809;-0.8597608067370582;-0.10000000000000081
1646004556236;1.5441465279951143;-0.8597782600206966;-0.10000000000000081
1646004556257;1.5541465127642478;-0.8597957133043349;-0.10000000000000081
1646004556277;1.5641464975333812;-0.8598131665879732;-0.10000000000000081
1646004556297;1.5741464823025146;-0.8598306198716116;-0.10000000000000081
1646004556316;1.584146467071648;-0.8598480731552499;-0.10000000000000081
1646004556336;1.5941464518407815;-0.8598655264388883;-0.10000000000000081
1646004556356;1.604146436609915;-0.8598829797225266;-0.10000000000000081
1646004556376;1.6141464213790484;-0.8599004330061649;-0.10000000000000081
1646004556396;1.6241464061481818;-0.8599178862898033;-0.10000000000000081
1646004556415;1.6341463909173153;-0.8599353395734416;-0.10000000000000081
1646004556435;1.6441463756864487;-0.8599527928570799;-0.10000000000000081
1646004556456;1.6541463604555822;-0.8599702461407183;-0.10000000000000081
1646004556475;1.6641463452247156;-0.8599876994243566;-0.10000000000000081
1646004556496;1.674146329993849;-0.8600051527079949;-0.10000000000000081
1646004556516;1.6841463147629825;-0.8600226059916333;-0.10000000000000081
1646004556536;1.694146299532116;-0.8600400592752716;-0.10000000000000081
1646004556555;1.7041462843012494;-0.8600575125589099;-0.10000000000000081
1646004556575;1.7141462690703828;-0.8600749658425483;-0.10000000000000081
1646004556595;1.7241462538395163;-0.8600924191261866;-0.10000000000000081
1646004556616;1.7341462386086497;-0.860109872409825;-0.10000000000000081
1646004556635;1.7441462233777831;-0.8601273256934633;-0.10000000000000081
1646004556656;1.7541462081469166;-0.8601447789771016;-0.10000000000000081
1646004556676;1.76414619291605;-0.86016223226074;-0.10000000000000081
1646004556696;1.771905988742645;-0.8601181344800992;0.7959999999999989
1646004556716;1.7796641461731937;-0.8599526981856683;1.691999999999998
1646004556736;1.7874187679754792;-0.8596659638343557;2.587999999999997
1646004556756;1.7951679577819084;-0.8592580015461169;3.483999999999996
1646004556775;1.8029098205532672;-0.8587289110868049;4.379999999999999
1646004556796;1.810642463042145;-0.8580788218437744;5.276000000000007
1646004556815;1.8183639942559187;-0.8573078927942395;6.172000000000015
1646004556835;1.826072525919193;-0.8564163124663972;7.068000000000023
1646004556855;1.8337661729355696;-0.8554042988933226;7.964000000000031
1646004556876;1.8414430538486442;-0.85427209955965;8.860000000000039
1646004556895;1.8491012913021065;-0.8530199913410517;9.756000000000046
1646004556915;1.8567390124988454;-0.8516482804365285;10.652000000000054
1646004556935;1.8643543496589317;-0.8501573022935297;11.548000000000062
1646004556956;1.8719454404763818;-0.8485474215259203;12.44400000000007
1646004556997;1.879510428574576;-0.8468190318248174;13.340000000000078
1646004557015;1.8870474639602293;-0.844972555862312;14.236000000000086
1646004557035;1.894554703475802;-0.843008445188107;15.132000000000094
1646004557056;1.9020303112502372;-0.8409271801190928;16.0280000000001
1646004557075;1.909472459147919;-0.8387292696218871;16.924000000000074
1646004557096;1.9168793272157345;-0.8364152511883675;17.820000000000046
1646004557116;1.9242491041281395;-0.8339856907042307;18.71600000000002
1646004557135;1.9315799876301107;-0.8314411823106075;19.61199999999999
1646004557155;1.9388701849778833;-0.8287823482587666;20.507999999999964
1646004557176;1.9461179133773576;-0.8260098387579454;21.403999999999936
1646004557195;1.9533214004200798;-0.8231243318163431;22.29999999999991
1646004557216;1.9604788845166734;-0.8201265330753164;23.19599999999988
1646004557235;1.9675886153276354;-0.8170171756368169;24.091999999999853
1646004557256;1.974648854191373;-0.8137970198841139;24.987999999999825
1646004557276;1.9816578745493885;-0.8104668532958444;25.883999999999798
1646004557296;1.988613962368503;-0.807027490253439;26.77999999999977
1646004557316;1.9955154165600186;-0.8034797718419655;27.675999999999743
1646004557336;2.002360549395714;-0.7998245656444463;28.571999999999715
1646004557357;2.009147686920572;-0.7960627655296928;29.467999999999687
1646004557376;2.015875169362141;-0.792195291433713;30.36399999999966
1646004557395;2.0225413515364257;-0.7882230891347441;31.259999999999632
1646004557415;2.0291446032502143;-0.7841471300219649;32.155999999999615
1646004557436;2.0356833096997313;-0.7799684108579463;33.05199999999966
1646004557457;2.04215587186554;-0.7756879535348973;33.9479999999997
1646004557475;2.0485607069035705;-0.7713068048247619;34.843999999999745
1646004557495;2.054896248532203;-0.7668260361232367;35.73999999999979
1646004557515;2.061160947415296;-0.7622467431877642;36.63599999999983
1646004557536;2.0673532715410734;-0.7575700458695679;37.531999999999876
1646004557556;2.0734717065967665;-0.7527970878397976;38.42799999999992
1646004557576;2.079514756338944;-0.7479290363098466;39.32399999999996
1646004557596;2.0854809429594066;-0.7429670817459164;40.220000000000006
1646004557617;2.09136880744658;-0.737912437577889;41.11600000000005
1646004557637;2.0971769099423154;-0.7327663399025902;42.01200000000009
1646004557657;2.1029038300940024;-0.7275300471815025;42.908000000000136
1646004557676;2.108548167401902;-0.7222048399330149;43.80400000000018
1646004557697;2.1132151849801666;-0.7176520146312463;44.82800000000021
1646004557717;2.117800092678663;-0.7130165111310299;45.85200000000024
1646004557735;2.1223014260503037;-0.7082998100400556;46.87600000000027
1646004557755;2.126717747342146;-0.7035034179010128;47.9000000000003
1646004557775;2.1310476459546135;-0.6986288667103903;48.924000000000326
1646004557795;2.1352897388920544;-0.6936777134291479;49.948000000000356
1646004557817;2.139442671204478;-0.6886515394854136;50.972000000000385
1646004557835;2.143505116420335;-0.6835519502693673;51.996000000000414
1646004557857;2.1474757769701944;-0.6783805746204669;53.020000000000444
1646004557875;2.1513533846012005;-0.6731390643071887;54.04400000000047
1646004557895;2.155136700782163;-0.6678290934994434;55.0680000000005
1646004557915;2.158824517099146;-0.6624523582338345;56.09200000000053
1646004557935;2.162415655641443;-0.6570105758719351;57.11600000000056
1646004557955;2.165908969377811;-0.6515054845517521;58.14000000000059
1646004557977;2.169303342522836;-0.6459388426325539;59.16400000000062
1646004557995;2.1725976908933284;-0.6403124281332409;60.18800000000065
1646004558016;2.1757909622546094;-0.6346280381644342;61.21200000000068
1646004558035;2.1788821366566054;-0.6288874883544692;62.23600000000071
1646004558056;2.1818702267596275;-0.6230926122694717;63.26000000000074
1646004558075;2.1847542781497293;-0.6172452608277067;64.28400000000073
1646004558095;2.187533369643554;-0.6113473017083841;65.30800000000062
1646004558115;2.190206613582569;-0.6054006187551095;66.3320000000005
1646004558137;2.192773156116587;-0.5994071113741744;67.35600000000039
1646004558155;2.1952321774764885;-0.5933686939278738;68.38000000000028
1646004558175;2.197582892236069;-0.5872872951230479;69.40400000000017
1646004558196;2.1998245495628987;-0.5811648573950412;70.42800000000005
1646004558216;2.2019564334581476;-0.5750033362872772;71.45199999999994
1646004558235;2.203977862985282;-0.5688046998266454;72.47599999999983
1646004558255;2.2058881924875564;-0.5625709278949025;73.49999999999972
1646004558277;2.2076868117942423;-0.5563040115962857;74.5239999999996
1646004558295;2.2093731464155177;-0.5500059526215428;75.54799999999949
1646004558316;2.2109466577259638;-0.5436787626085795;76.57199999999938
1646004558336;2.212406843136608;-0.5373244624999295;77.59599999999926
1646004558357;2.21375323625545;-0.5309450818972549;78.61999999999915
1646004558376;2.214985407036432;-0.5245426584130779;79.64399999999904
1646004558395;2.2161029619167967;-0.5181192370199559;80.66799999999893
1646004558416;2.2171055439427976;-0.5116768693973048;81.69199999999881
1646004558435;2.217992832883708;-0.5052176132760794;82.7159999999987
1646004558455;2.218764545334102;-0.49874353178152353;83.73999999999859
1646004558476;2.2194204348043853;-0.49225669277419354;84.76399999999848
1646004558496;2.2199602917995156;-0.48575916818947223;85.78799999999836
1646004558517;2.2203839438859236;-0.4792530333757806;86.81199999999825
1646004558536;2.2206912557465865;-0.4727403664316982;87.83599999999814
1646004558556;2.220882129224247;-0.4662232475422062;88.85999999999802
1646004558575;2.220956503352768;-0.459703758314264;89.88399999999791
1646004558596;2.2209143543766072;-0.45318398111193126;90.9079999999978
1646004558616;2.2207556957584;-0.44666599839124865;91.93199999999769
1646004558637;2.2204805781746635;-0.44015189203508853;92.95599999999757
1646004558656;2.2200890894996093;-0.43364374268818884;93.97999999999746
1646004558677;2.2195813547770724;-0.4271436290925832;95.00399999999735
1646004558697;2.219215563556955;-0.4229595883818661;94.98799999999738
1646004558716;2.218850940755666;-0.418775445686112;94.97199999999742
1646004558735;2.2184874864016413;-0.4145912013316087;94.95599999999746
1646004558756;2.218125200523222;-0.4104068556446522;94.9399999999975
1646004558775;2.2177640831486594;-0.4062224089515465;94.92399999999753
1646004558796;2.217404134306117;-0.40203786157860333;94.90799999999757
1646004558815;2.2170453540236625;-0.39785321385214245;94.89199999999761
1646004558837;2.2166877423292743;-0.3936684660984912;94.87599999999765
1646004558856;2.2163312992508395;-0.3894836186439848;94.85999999999768
1646004558876;2.2159760248161544;-0.3852986718149663;94.84399999999772
1646004558895;2.2156219190529254;-0.3811136259377863;94.82799999999776
1646004558915;2.2152689819887645;-0.37692848133880347;94.8119999999978
1646004558935;2.214917213651196;-0.37274323834438405;94.79599999999783
1646004558956;2.21456661406765;-0.36855789728090177;94.77999999999787
1646004558978;2.2142171832654673;-0.36437245847473826;94.7639999999979
1646004558996;2.2138689212718976;-0.3601869222522824;94.74799999999794
1646004559015;2.2135218281140996;-0.3560012889399313;94.73199999999798
1646004559036;2.2131759038191396;-0.3518155588640891;94.71599999999802
1646004559056;2.212831148413994;-0.3476297323511677;94.69999999999806
1646004559075;2.212487561925548;-0.3434438097275865;94.6839999999981
1646004559096;2.2121451443805946;-0.339257791319772;94.66799999999813
1646004559116;2.2118038958058355;-0.33507167745415906;94.65199999999817
1646004559135;2.2114638162278824;-0.33088546845718914;94.6359999999982
1646004559156;2.211124905673255;-0.3266991646553114;94.61999999999824
1646004559176;2.210787164168384;-0.32251276637498266;94.60399999999828
1646004559196;2.2104505917396056;-0.3183262739426666;94.58799999999832
1646004559216;2.2101151884131665;-0.3141396876848348;94.57199999999835
1646004559236;2.2097809542152222;-0.3099530079279657;94.55599999999839
1646004559256;2.209447889171838;-0.30576623499854516;94.53999999999843
1646004559276;2.209115993308987;-0.30157936922306655;94.52399999999847
1646004559296;2.20878526665255;-0.29739241092803015;94.5079999999985
1646004559317;2.208455709228318;-0.29320536043994355;94.49199999999854
1646004559336;2.2081273210619896;-0.28901821808532163;94.47599999999858
1646004559356;2.2078001021791747;-0.28483098419068653;94.45999999999862
1646004559377;2.207474052605391;-0.2806436590825671;94.44399999999865
1646004559395;2.2071491723660626;-0.2764562430874998;94.42799999999869
1646004559416;2.206825461486525;-0.27226873653202766;94.41199999999873
1646004559436;2.206502919992023;-0.2680811397427012;94.39599999999876
1646004559456;2.2061815479077076;-0.26389345304607775;94.3799999999988
1646004559476;2.2058613452586413;-0.25970567676872197;94.36399999999884
1646004559496;2.2055423120697926;-0.25551781123720513;94.34799999999888
1646004559516;2.205224448366042;-0.25132985677810565;94.33199999999891
1646004559536;2.2049077541721767;-0.24714181371800883;94.31599999999895
1646004559555;2.2045922295128926;-0.24295368238350692;94.29999999999899
1646004559575;2.204277874412796;-0.23876546310119906;94.28399999999903
1646004559596;2.2039646888964;-0.23457715619769112;94.26799999999906
1646004559616;2.203652672988128;-0.23038876199959588;94.2519999999991
1646004559636;2.2033418267123106;-0.22620028083353302;94.23599999999914
1646004559656;2.2030321500931884;-0.22201171302612888;94.21999999999917
1646004559676;2.2027236431549113;-0.21782305890401663;94.20399999999921
1646004559695;2.202483996856486;-0.21447161843972562;93.9639999999992
1646004559716;2.2022583911003912;-0.21111920355238661;93.7239999999992
1646004559735;2.202046829845089;-0.2077658730632623;93.48399999999918
1646004559755;2.201849316802622;-0.2044116858096805;93.24399999999918
1646004559775;2.201665855438541;-0.20105670064400175;93.00399999999917
1646004559796;2.201496448971847;-0.19770097643258663;92.76399999999916
1646004559817;2.2013411003749352;-0.19434457205476313;92.52399999999915
1646004559836;2.201199812373543;-0.1909875464017932;92.28399999999914
1646004559855;2.201072587446702;-0.1876299583758398;92.04399999999913
1646004559875;2.200959427826692;-0.18427186688893327;91.80399999999912
1646004559895;2.2008603354990033;-0.18091333086193745;91.56399999999911
1646004559916;2.2007753122023046;-0.17755440922351634;91.3239999999991
1646004559936;2.200704359428411;-0.17419516090909956;91.0839999999991
1646004559956;2.2006474784222525;-0.17083564485984873;90.84399999999908
1646004559976;2.200604670181862;-0.16747592002162312;90.60399999999908
1646004559996;2.2005759354583483;-0.1641160453439454;90.36399999999907
1646004560015;2.200561274755891;-0.16075607977896722;90.12399999999906
1646004560035;2.2005606883317244;-0.15739608228043514;89.88399999999905
1646004560056;2.2005741761961395;-0.15403611180265578;89.64399999999904
1646004560075;2.200601738112477;-0.1506762272994618;89.40399999999903
1646004560097;2.2006433735971394;-0.14731648772317735;89.16399999999902
1646004560115;2.2006990819195904;-0.14395695202358358;88.92399999999901
1646004560136;2.200768862102376;-0.1405976791468846;88.683999999999
1646004560155;2.2008527129211393;-0.13723872803467288;88.443999999999
1646004560176;2.2009506329046387;-0.13388015762289543;88.20399999999898
1646004560197;2.2010626203347736;-0.13052202684081937;87.96399999999898
1646004560217;2.201188673246623;-0.12716439460999807;87.72399999999897
1646004560236;2.2013287894284685;-0.1238073198432375;87.48399999999896
1646004560256;2.2014829664218407;-0.12045086144356232;87.24399999999895
1646004560276;2.2016512015215604;-0.11709507830318243;87.00399999999894
1646004560297;2.2018334917757842;-0.11374002930245972;86.76399999999893
1646004560317;2.20202983398606;-0.11038577330887485;86.52399999999892
1646004560337;2.2022402247073773;-0.1070323691759945;86.28399999999891
1646004560357;2.202464660248235;-0.10367987574243856;86.0439999999989
1646004560376;2.2027031366706997;-0.10032835183084793;85.8039999999989
1646004560395;2.2029556497904808;-0.09697785624685236;85.56399999999888
1646004560416;2.203222195176998;-0.0936284477780385;85.32399999999888
1646004560436;2.203502768153462;-0.09028018519291868;85.08399999999887
1646004560457;2.2037973637969572;-0.08693312723989957;84.84399999999886
1646004560477;2.204105976938527;-0.08358733264625139;84.60399999999885
1646004560497;2.204428602163265;-0.08024286011707761;84.36399999999884
1646004560516;2.2047652338104093;-0.07689976833428482;84.12399999999883
1646004560536;2.20511586597344;-0.0735581159555531;83.88399999999882
1646004560557;2.2054804925001883;-0.07021796161330686;83.64399999999881
1646004560575;2.2058591069929405;-0.06687936391368604;83.4039999999988
1646004560596;2.20625170280855;-0.06354238143551784;83.1639999999988
1646004560615;2.206658273058555;-0.06020707272928888;82.92399999999878
1646004560636;2.2070788106093;-0.0568734963161179;82.68399999999878
1646004560655;2.207513308082057;-0.053541710686728874;82.44399999999877
1646004560677;2.2079617578531616;-0.05021177430042485;82.20399999999876
1646004560697;2.2083275751286457;-0.04758714812525035;81.91199999999873
1646004560716;2.208706763639126;-0.0449644203635537;81.6199999999987
1646004560735;2.209099313535998;-0.04234365913503236;81.32799999999867
1646004560755;2.2095052146236247;-0.03972493250830731;81.03599999999864
1646004560775;2.2099244563595994;-0.037108308499155175;80.74399999999861
1646004560796;2.2103570278550237;-0.034493855068741544;80.45199999999858
1646004560815;2.2108029178747852;-0.031881640121856;80.15999999999855
1646004560836;2.211262114837852;-0.02927173150514828;79.86799999999852
1646004560855;2.2117346068175734;-0.026664197005366198;79.57599999999849
1646004560876;2.21222038154199;-0.02405910434759499;79.28399999999846
1646004560896;2.212719426394149;-0.021456521193498307;78.99199999999843
1646004560916;2.2132317284124383;-0.018856515139560864;78.6999999999984
1646004560935;2.2137572742909177;-0.01625915371533275;78.40799999999837
1646004560955;2.2142960503796663;-0.013664504381675513;78.11599999999834
1646004560976;2.2148480426851362;-0.011072634529009978;77.8239999999983
1646004560996;2.215413236870518;-0.008483611475565958;77.53199999999828
1646004561016;2.2159916182561123;-0.0058975024656337995;77.23999999999825
1646004561037;2.2165831718197095;-0.003314374667817837;76.94799999999822
1646004561056;2.2171878821969826;-0.0007342951732918668;76.65599999999819
1646004561075;2.217805733681883;0.0018426690059434303;76.36399999999816
1646004561096;2.218436710227051;0.004416450938800964;76.07199999999813
1646004561116;2.21908079544423;0.006986983776845633;75.7799999999981
1646004561137;2.219737972604696;0.00955420075603057;75.48799999999807
1646004561157;2.220408224639691;0.012118035198431182;75.19599999999804
1646004561176;2.221091534140862;0.014678420513976978;74.903999999998
1646004561196;2.2217878833607205;0.017235290202181102;74.61199999999798
1646004561216;2.2224972542130965;0.019788577853867523;74.31999999999795
1646004561236;2.2232196282736107;0.02233821715289592;74.02799999999792
1646004561256;2.2239549867801567;0.024884141877884014;73.73599999999789
1646004561276;2.224703310633382;0.027426285903927615;73.44399999999786
1646004561296;2.2254645803971886;0.029964583204318024;73.15199999999783
1646004561316;2.2262387762992355;0.032498967852256914;72.8599999999978
1646004561336;2.2270258782314545;0.03502937402256873;72.56799999999777
1646004561356;2.2278258657505705;0.037555735993410236;72.27599999999774
1646004561377;2.228638718078632;0.04007798814797759;71.9839999999977
1646004561397;2.2294644141035533;0.04259606497621055;71.69199999999768
1646004561416;2.23030293237966;0.04510990107649399;71.39999999999765
1646004561436;2.23115425112825;0.047619431157356513;71.10799999999762
1646004561456;2.2320183482381544;0.050124590039166285;70.81599999999759
1646004561475;2.232895201266314;0.052625312655824;70.52399999999756
1646004561495;2.2337847874383607;0.05512153405645272;70.23199999999753
1646004561515;2.234687083649215;0.05761318940708489;69.9399999999975
1646004561536;2.2356020664636778;0.06010021399234629;69.64799999999747
1646004561555;2.2365297121170418;0.0625825432171368;69.35599999999744
1646004561575;2.2374699965157134;0.06506011260830821;69.0639999999974
1646004561595;2.238422895237834;0.06753285781633869;68.77199999999738
1646004561616;2.239388383533913;0.07000071461700412;68.47999999999735
1646004561636;2.240366436327473;0.07246361891304633;68.18799999999732
1646004561655;2.2413570282157034;0.07492150673583771;67.89599999999729
1646004561676;2.2423601334701173;0.07737431424704272;67.60399999999726
1646004561698;2.24303329272415;0.07900049189025134;67.41199999999714
1646004561717;2.243711897561975;0.08062440462886825;67.21999999999701
1646004561736;2.2443959403632623;0.08224603422731788;67.0279999999969
1646004561755;2.2450854134466183;0.08386536247566312;66.83599999999677
1646004561776;2.2457803090696693;0.08548237118980954;66.64399999999665
1646004561796;2.2464806194291507;0.08709704221170975;66.45199999999653
1646004561815;2.2471863366609934;0.0887093574095672;66.25999999999641
1646004561836;2.2478974528404114;0.09031929867803991;66.06799999999629
1646004561855;2.2486139599819923;0.0919268479384437;65.87599999999617
1646004561875;2.249335850039786;0.09353198713895525;65.68399999999605
1646004561895;2.250063114907397;0.0951346982548147;65.49199999999593
1646004561915;2.2507957464180732;0.09673496328852817;65.2999999999958
1646004561935;2.2515337363447965;0.09833276427006987;65.10799999999568
1646004561955;2.2522770764003797;0.09992808325708379;64.91599999999556
1646004561978;2.2530257582375546;0.10152090233508532;64.72399999999544
1646004561995;2.253779773449068;0.10311120361766228;64.53199999999532
1646004562017;2.2545391135677795;0.10469896924667586;64.3399999999952
1646004562035;2.2553037700667478;0.10628418139246112;64.14799999999508
1646004562056;2.2560737343593367;0.10786682225402726;63.955999999994994
1646004562075;2.2568489977993043;0.10944687405925746;63.763999999995015
1646004562095;2.257629551680902;0.1110243190651084;63.571999999995036
1646004562115;2.2584153872389723;0.11259913955780966;63.37999999999506
1646004562136;2.259206495649051;0.11417131785306252;63.18799999999508
1646004562155;2.2600028680274593;0.1157408362962385;62.9959999999951
1646004562176;2.2608044954314086;0.1173076772625778;62.80399999999512
1646004562196;2.261611368859098;0.11887182315738697;62.61199999999514
1646004562216;2.2624234792498203;0.12043325641623664;62.41999999999516
1646004562235;2.2632408174840566;0.12199195950515883;62.227999999995184
1646004562256;2.2640633743835856;0.12354791492084367;62.035999999995205
1646004562276;2.2648911407115797;0.12510110519083603;61.843999999995226
1646004562296;2.265724107172718;0.12665151287373175;61.65199999999525
1646004562316;2.2665622644132783;0.12819912055937338;61.45999999999527
1646004562336;2.267405603021255;0.12974391086904588;61.26799999999529
1646004562356;2.268254113526455;0.13128586645567158;61.07599999999531
1646004562376;2.269107786400611;0.1328249700040052;60.88399999999533
1646004562395;2.2699666120574817;0.134361204230828;60.69199999999535
1646004562415;2.2708305808529667;0.1358945518851422;60.499999999995374
1646004562436;2.271699683085208;0.1374249957483643;60.307999999995396
1646004562458;2.2725739089947052;0.13895251863451885;60.11599999999542
1646004562478;2.2734532487644192;0.14047710339043107;59.92399999999544
1646004562497;2.2743376925198877;0.14199873289591974;59.73199999999546
1646004562517;2.275227230329332;0.14351739006398925;59.53999999999548
1646004562536;2.276121852203772;0.14503305784102177;59.3479999999955
1646004562556;2.2770215480971348;0.14654571920696835;59.15599999999552
1646004562577;2.27792630790637;0.1480553571755403;58.96399999999554
1646004562595;2.2788361214715627;0.14956195479439996;58.771999999995565
1646004562616;2.2797509785760464;0.15106549514535086;58.579999999995586
1646004562636;2.280670868946519;0.15256596134452796;58.38799999999561
1646004562656;2.2815957822531585;0.15406333654258716;58.19599999999563
1646004562676;2.2825257081097376;0.15555760392489423;58.00399999999565
1646004562698;2.2830775227518547;0.15643913685367325;57.89999999999561
1646004562716;2.2836309365918646;0.15731966670862593;57.795999999995566
1646004562735;2.2841859478064093;0.15819919058863455;57.691999999995524
1646004562756;2.2847425545668725;0.15907770559589546;57.58799999999548
1646004562777;2.285300755039378;0.15995520883592929;57.48399999999544
1646004562797;2.285860547384801;0.16083169741758999;57.3799999999954
1646004562817;2.2864219297587707;0.1617071684530746;57.275999999995356
1646004562836;2.286984900311677;0.16258161905793267;57.171999999995315
1646004562856;2.287549457188677;0.16345504635107594;57.06799999999527
1646004562875;2.2881155985297035;0.1643274474547876;56.96399999999523
1646004562895;2.2886833224694665;0.1651988194947318;56.85999999999519
1646004562916;2.2892526271374622;0.16606915959996335;56.75599999999515
1646004562935;2.2898235106579796;0.16693846490293693;56.651999999995105
1646004562955;2.2903959711501054;0.16780673253951664;56.54799999999506
1646004562977;2.29097000672773;0.16867395964898532;56.44399999999502
1646004562995;2.291545615499555;0.16954014337405424;56.33999999999498
1646004563015;2.292122795569098;0.17040528086087217;56.23599999999494
1646004563035;2.2927015450347006;0.17126936925903527;56.131999999994896
1646004563055;2.2932818619895343;0.17213240572159588;56.027999999994854
1646004563075;2.2938637445216035;0.17299438740507228;55.92399999999481
1646004563095;2.294447190713757;0.173855311469458;55.81999999999477
1646004563116;2.295032198643689;0.17471517507823123;55.71599999999473
1646004563136;2.2956187663839516;0.17557397539836384;55.61199999999469
1646004563156;2.2962068920019547;0.17643170960033114;55.507999999994645
1646004563176;2.296796573559977;0.17728837485812116;55.4039999999946
1646004563196;2.2973878091151714;0.1781439683492435;55.29999999999456
1646004563216;2.297980596719569;0.1789984872547393;55.19599999999452
1646004563236;2.2985749344200865;0.17985192875918976;55.09199999999448
1646004563256;2.2991708202585373;0.18070429005072616;54.987999999994436
1646004563276;2.299768252271632;0.1815555683210389;54.883999999994394
1646004563296;2.3003672284909853;0.1824057607653863;54.77999999999435
1646004563317;2.300967746943126;0.18325486458260437;54.67599999999431
1646004563336;2.301569805649501;0.18410287697511593;54.57199999999427
1646004563355;2.302173402626485;0.1849497951489396;54.46799999999423
1646004563377;2.30277853588538;0.18579561631369934;54.363999999994185
1646004563396;2.303385203432429;0.1866403376826334;54.25999999999414
1646004563416;2.30399340326882;0.18748395647260363;54.1559999999941
1646004563436;2.304603133390691;0.1883264699041044;54.05199999999406
1646004563457;2.3052143917891397;0.18916787520127212;53.94799999999402
1646004563476;2.3058271764502285;0.19000816959189423;53.843999999993976
1646004563496;2.3064414853549895;0.19084735030741823;53.739999999993934
1646004563517;2.307057316479434;0.19168541458296093;53.63599999999389
1646004563536;2.307674667794559;0.1925223596573175;53.53199999999385
1646004563556;2.3082935372663513;0.19335818277297062;53.42799999999381
1646004563576;2.308913922855796;0.19419288117609956;53.32399999999377
1646004563596;2.3095358225188827;0.19502645211658903;53.219999999993725
1646004563617;2.3101592342066146;0.19585889284803876;53.11599999999368
1646004563635;2.3107841558650097;0.19669020062777196;53.01199999999364
1646004563655;2.311410585435114;0.19752037271684475;52.9079999999936
1646004563676;2.3120385208530037;0.19834940638005502;52.80399999999356
1646004563696;2.312401342041941;0.198827277471048;52.77999999999361
1646004563716;2.312764363369217;0.19930499654193784;52.75599999999367
1646004563735;2.3131275847711357;0.19978256350890408;52.731999999993725
1646004563755;2.313491006183966;0.200259978288153;52.70799999999378
1646004563775;2.313854627543943;0.2007372407959176;52.68399999999384
1646004563796;2.314218448787266;0.2012143509484576;52.65999999999389
1646004563816;2.3145824698500994;0.20169130866205942;52.63599999999395
1646004563836;2.314946690668569;0.2021681138530362;52.611999999994005
1646004563855;2.315311111178771;0.2026447664377279;52.58799999999406
1646004563876;2.315675731316764;0.20312126633250127;52.56399999999412
1646004563895;2.3160405510185726;0.20359761345374974;52.53999999999417
1646004563917;2.3164055702201845;0.20407380771789368;52.51599999999423
1646004563936;2.3167707888575553;0.2045498490413803;52.491999999994285
1646004563956;2.3171362068666013;0.20502573734068336;52.46799999999434
1646004563978;2.317501824183209;0.20550147253230377;52.443999999994396
1646004563996;2.3178676407432257;0.2059770545327693;52.41999999999445
1646004564016;2.318233656482466;0.2064524832586345;52.39599999999451
1646004564035;2.318599871336709;0.2069277586264806;52.371999999994564
1646004564056;2.318966285241699;0.20740288055291617;52.34799999999462
1646004564075;2.319332898133144;0.20787784895457645;52.323999999994676
1646004564095;2.319699709946719;0.2083526637481236;52.29999999999473
1646004564116;2.3200667206180627;0.2088273248502469;52.27599999999479
1646004564136;2.3204339300827805;0.20930183217766246;52.251999999994844
1646004564155;2.320801338276442;0.20977618564711328;52.2279999999949
1646004564175;2.3211689451345814;0.21025038517536954;52.203999999994956
1646004564195;2.3215367505926983;0.21072443067922844;52.17999999999501
1646004564216;2.3219047545862583;0.21119832207551406;52.15599999999507
1646004564235;2.32227295705069;0.2116720592810776;52.131999999995124
1646004564256;2.322641357921391;0.21214564221279736;52.10799999999518
1646004564276;2.3230099571337206;0.21261907078757855;52.083999999995235
1646004564296;2.3233787546230045;0.2130923449223536;52.05999999999529
1646004564316;2.3237477503245354;0.21356546453408204;52.03599999999535
1646004564337;2.324116944173566;0.21403842953975044;52.0119999999954
1646004564356;2.324486336105321;0.2145112398563726;51.98799999999546
1646004564376;2.3248559260549846;0.21498389540098933;51.963999999995515
1646004564395;2.3252257139577086;0.21545639609066874;51.93999999999557
1646004564416;2.325595699748613;0.21592874184250596;51.91599999999563
1646004564435;2.325965883362777;0.21640093257362336;51.89199999999568
1646004564455;2.326336264735252;0.21687296820117064;51.86799999999574
1646004564475;2.3267068438010465;0.21734484864232453;51.843999999995795
1646004564495;2.3270776204951424;0.217816573814289;51.81999999999585
1646004564515;2.327448594752482;0.21828814363429544;51.79599999999591
1646004564535;2.327819766507974;0.21875955801960228;51.77199999999596
1646004564556;2.3281911356964935;0.2192308168874954;51.74799999999602
1646004564575;2.328562702252879;0.2197019201552879;51.723999999996074
1646004564596;2.328934466111937;0.22017286774032005;51.69999999999613
1646004564615;2.329306427208436;0.22064365955995985;51.675999999996186
1646004564637;2.3296785854771134;0.22111429553160206;51.65199999999624
1646004564655;2.3300509408526717;0.2215847755726691;51.6279999999963
1646004564675;2.330423493269776;0.22205509960061073;51.603999999996354
1646004564698;2.3305974429866403;0.22227451130234765;51.57999999999641
1646004564718;2.3307714845952012;0.22249385012095085;51.555999999996466
1646004564736;2.3309456180649195;0.22271311601793514;51.53199999999652
1646004564756;2.3311198433652427;0.22293230895482827;51.50799999999658
1646004564776;2.3312941604656006;0.22315142889317074;51.483999999996634
1646004564796;2.3314685693354082;0.2233704757945158;51.45999999999669
1646004564817;2.3316430699440645;0.22358944962042965;51.435999999996746
1646004564837;2.33181766226095;0.22380835033249116;51.4119999999968
1646004564856;2.3319923462554315;0.22402717789229204;51.38799999999686
1646004564875;2.3321671218968594;0.224245932261437;51.36399999999691
1646004564895;2.332341989154567;0.2244646134015434;51.33999999999697
1646004564916;2.332516947997873;0.2246832212742415;51.315999999997025
1646004564937;2.332691998396078;0.22490175584117453;51.29199999999708
1646004564956;2.332867140318469;0.22512021706399843;51.26799999999714
1646004564983;2.3330423737343158;0.22533860490438218;51.24399999999719
1646004564997;2.33321769861287;0.22555691932400743;51.21999999999725
1646004565015;2.333393114923371;0.22577516028456882;51.195999999997305
1646004565036;2.3335686226350387;0.22599332774777386;51.17199999999736
1646004565056;2.333744221717081;0.22621142167534297;51.14799999999742
1646004565076;2.333919912138685;0.22642944202900953;51.12399999999747
1646004565095;2.3340956938690263;0.22664738877051968;51.09999999999753
1646004565115;2.3342715668772605;0.2268652618616327;51.075999999997585
1646004565135;2.3344475311325295;0.22708306126412048;51.05199999999764
1646004565156;2.334623586603959;0.22730078693976813;51.0279999999977
1646004565176;2.3347997332606574;0.22751843885037362;51.00399999999775
1646004565196;2.3349759710717195;0.2277360169577478;50.97999999999781
1646004565217;2.335152300006223;0.22795352122371443;50.955999999997864
1646004565236;2.335328720033227;0.22817095161011025;50.93199999999792
1646004565257;2.335505231121778;0.2283883080787852;50.907999999997976
1646004565276;2.335681833240907;0.2286055905916018;50.88399999999803
1646004565298;2.335858526359625;0.22882279911043582;50.85999999999809
1646004565317;2.336035310446931;0.22903993359717598;50.835999999998144
1646004565338;2.336212185471806;0.22925699401372385;50.8119999999982
1646004565357;2.3363891514032167;0.2294739803219942;50.787999999998256
1646004565376;2.336566208210111;0.2296908924839146;50.76399999999831
1646004565396;2.3367433558614232;0.22990773046142576;50.73999999999837
1646004565416;2.3369205943260702;0.23012449421648137;50.715999999998424
1646004565437;2.3370979235729563;0.23034118371104806;50.69199999999848
1646004565456;2.337275343570965;0.2305577989071057;50.667999999998536
1646004565475;2.3374528542889674;0.23077433976664696;50.64399999999859
1646004565496;2.337630455695817;0.23099080625167775;50.61999999999865
1646004565516;2.3378081477603514;0.23120719832421685;50.5959999999987
1646004565536;2.337985930451394;0.23142351594629626;50.57199999999876
1646004565556;2.3381638037377512;0.23163975907996093;50.547999999998815
1646004565576;2.3383417675882123;0.23185592768726898;50.52399999999887
1646004565595;2.3385198219715537;0.23207202173029148;50.49999999999893
1646004565616;2.338697966856532;0.2322880411711127;50.47599999999898
1646004565636;2.33887620221189;0.23250398597182986;50.45199999999904
1646004565657;2.339054528006356;0.23271985609455348;50.427999999999095
1646004565676;2.3392329442086406;0.23293565150140694;50.40399999999915
1646004565695;2.3393859375846326;0.23312056506642773;50.38799999999919
1646004565716;2.339538982592269;0.2333054359004288;50.371999999999225
1646004565735;2.339692079219612;0.23349026398899353;50.35599999999926
1646004565756;2.3398452274547252;0.23367504931770877;50.3399999999993
1646004565777;2.339998427285664;0.23385979187216455;50.32399999999934
1646004565795;2.3401516787004835;0.23404449163795418;50.307999999999375
1646004565817;2.3403049816872303;0.23422914860067437;50.29199999999941
1646004565835;2.340458336233951;0.23441376274592532;50.27599999999945
1646004565856;2.3406117423286865;0.2345983340593103;50.259999999999486
1646004565875;2.340765199959473;0.23478286252643613;50.243999999999524
1646004565895;2.3409187091143457;0.23496734813291292;50.22799999999956
1646004565916;2.341072269781332;0.2351517908643541;50.2119999999996
1646004565937;2.3412258819484557;0.23533619070637649;50.195999999999636
1646004565956;2.34137954560374;0.23552054764460004;50.17999999999967
1646004565997;2.3415332607352015;0.23570486166464827;50.16399999999971
1646004566016;2.341687027330853;0.23588913275214812;50.14799999999975
1646004566035;2.3418408453787034;0.23607336089272968;50.131999999999785
1646004566055;2.3419947148667575;0.23625754607202645;50.11599999999982
1646004566075;2.342148635783016;0.23644168827567527;50.09999999999986
1646004566096;2.3423026081154763;0.2366257874893164;50.0839999999999
1646004566117;2.3424566318521323;0.2368098436985934;50.067999999999934
1646004566137;2.342610706980971;0.23699385688915314;50.05199999999997
1646004566156;2.3427648334899787;0.237177827046646;50.03600000000001
1646004566176;2.3429190113671345;0.2373617541567255;50.020000000000046
1646004566196;2.3430732406004178;0.2375456382050487;50.00400000000008
1646004566216;2.3432275211777993;0.23772947917727588;49.98800000000012
1646004566235;2.3433818530872483;0.2379132770590708;49.97200000000016
1646004566255;2.343536236316731;0.23809703183610045;49.956000000000195
1646004566275;2.343690670854207;0.2382807434940353;49.94000000000023
1646004566295;2.343845156687635;0.2384644120185491;49.92400000000027
1646004566316;2.343999693804964;0.2386480373953191;49.90800000000031
1646004566336;2.344154282194146;0.23883161961002572;49.892000000000344
1646004566356;2.3443089218431257;0.23901515864835277;49.87600000000038
1646004566376;2.344463612739844;0.23919865449598762;49.86000000000042
1646004566395;2.344618354872237;0.23938210713862085;49.844000000000456
1646004566415;2.3447731482282377;0.2395655165619465;49.82800000000049
1646004566436;2.3449279927957756;0.2397488827516619;49.81200000000053
1646004566456;2.345082888562774;0.23993220569346774;49.79600000000057
1646004566476;2.3452378355171555;0.24011548537306812;49.780000000000605
1646004566496;2.3453928336468373;0.24029872177617057;49.76400000000064
1646004566516;2.345547882939731;0.2404819148884859;49.74800000000068
1646004566537;2.3457029833837457;0.24066506469572832;49.73200000000072
1646004566555;2.345858134966787;0.2408481711836154;49.716000000000754
1646004566575;2.3460133376767547;0.2410312343378682;49.70000000000079
1646004566596;2.3461685915015487;0.24121425414421102;49.68400000000083
1646004566615;2.3463238964290585;0.2413972305883717;49.668000000000866
1646004566636;2.346479252447176;0.24158016365608118;49.6520000000009
1646004566656;2.3466346595437844;0.24176305333307413;49.63600000000094
1646004566675;2.3467901177067643;0.24194589960508833;49.62000000000098
1646004566696;2.346861384429313;0.24202969133649557;49.61600000000099
1646004566716;2.346932657001455;0.24211347809234282;49.612000000001
1646004566735;2.3470039354228422;0.24219725987222165;49.608000000001006
1646004566756;2.3470752196931275;0.24228103667572382;49.604000000001015
1646004566776;2.347146509811963;0.2423648085024409;49.600000000001025
1646004566796;2.347217805779002;0.24244857535196476;49.596000000001034
1646004566815;2.3472891075938946;0.242532337223887;49.59200000000104
1646004566836;2.347360415256296;0.24261609411779939;49.58800000000105
1646004566856;2.3474317287658586;0.2426998460332937;49.58400000000106
1646004566875;2.3475030481222334;0.24278359296996177;49.58000000000107
1646004566897;2.347574373325074;0.24286733492739537;49.57600000000108
1646004566916;2.3476457043740324;0.24295107190518642;49.57200000000109
1646004566936;2.347717041268761;0.24303480390292678;49.5680000000011
1646004566956;2.347788384008913;0.24311853092020824;49.56400000000111
1646004566982;2.347859732594139;0.24320225295662287;49.56000000000112
1646004566996;2.347931087024091;0.24328597001176264;49.55600000000113
1646004567017;2.348002447298423;0.24336968208521945;49.55200000000114
1646004567036;2.348073813416786;0.24345338917658524;49.548000000001146
1646004567055;2.348145185378832;0.2435370912854521;49.544000000001155
1646004567075;2.3482165631842142;0.24362078841141208;49.540000000001164
1646004567096;2.3482879468325843;0.24370448055405722;49.536000000001174
1646004567116;2.3483593363235924;0.24378816771297962;49.53200000000118
1646004567135;2.3484307316568946;0.2438718498877715;49.52800000000119
1646004567156;2.3485021328321403;0.24395552707802481;49.5240000000012
1646004567175;2.348573539848982;0.24403919928333195;49.52000000000121
1646004567196;2.34864495270707;0.2441228665032849;49.51600000000122
1646004567216;2.348716371406059;0.24420652873747595;49.51200000000123
1646004567235;2.348787795945599;0.2442901859854974;49.50800000000124
1646004567256;2.3488592263253434;0.24437383824694142;49.50400000000125
1646004567275;2.348930662544943;0.24445748552140037;49.50000000000126
1646004567295;2.34900210460405;0.24454112780846649;49.49600000000127
1646004567315;2.349073552502315;0.24462476510773212;49.492000000001276
1646004567336;2.3491450062393917;0.24470839741878972;49.488000000001286
1646004567355;2.3492164658149317;0.24479202474123166;49.484000000001295
1646004567377;2.3492879312285853;0.2448756470746503;49.480000000001304
1646004567396;2.349359402480006;0.24495926441863802;49.476000000001314
1646004567417;2.3494308795688443;0.24504287677278738;49.47200000000132
1646004567437;2.3495023624947513;0.24512648413669094;49.46800000000133
1646004567456;2.3495738512573783;0.24521008650994097;49.46400000000134
1646004567475;2.349645345856379;0.24529368389213016;49.46000000000135
1646004567495;2.349716846291402;0.24537727628285103;49.45600000000136
1646004567515;2.349788352562102;0.2454608636816962;49.45200000000137
1646004567536;2.349859864668128;0.2455444460882583;49.44800000000138
1646004567556;2.349931382609134;0.2456280235021299;49.44400000000139
1646004567575;2.3500029063847694;0.24571159592290356;49.4400000000014
1646004567596;2.350074435994686;0.2457951633501721;49.43600000000141
1646004567616;2.3501459714385358;0.2458787257835282;49.432000000001416
1646004567636;2.3502175127159695;0.24596228322256455;49.428000000001425
1646004567656;2.350289059826637;0.24604583566687394;49.424000000001435
1646004567676;2.3503606127701935;0.2461293831160491;49.420000000001444
1646004567696;2.350367117609754;0.24613697831599524;49.424000000001435
1646004567715;2.3503736219190556;0.24614457397004633;49.428000000001425
1646004567736;2.3503801256980656;0.2461521700781654;49.432000000001416
1646004567757;2.3503866289467505;0.24615976664031539;49.43600000000141
1646004567775;2.3503931316650797;0.24616736365645928;49.4400000000014
1646004567795;2.3503996338530206;0.24617496112655998;49.44400000000139
1646004567815;2.350406135510542;0.24618255905058056;49.44800000000138
1646004567836;2.3504126366376132;0.24619015742848394;49.45200000000137
1646004567855;2.3504191372342014;0.24619775626023313;49.45600000000136
1646004567876;2.3504256373002756;0.246205355545791;49.46000000000135
1646004567895;2.3504321368358037;0.24621295528512058;49.46400000000134
1646004567916;2.350438635840752;0.2462205554781848;49.46800000000133
1646004567935;2.3504451343150934;0.2462281561249467;49.47200000000132
1646004567956;2.3504516322587934;0.24623575722536908;49.476000000001314
1646004567977;2.350458129671821;0.24624335877941508;49.480000000001304
1646004567995;2.350464626554144;0.2462509607870475;49.484000000001295
1646004568015;2.3504711229057307;0.24625856324822937;49.488000000001286
1646004568035;2.3504776187265506;0.24626616616292363;49.492000000001276
1646004568056;2.35048411401657;0.24627376953109323;49.49600000000127
1646004568076;2.350490608775758;0.24628137335270103;49.50000000000126
1646004568096;2.3504971030040838;0.24628897762771004;49.50400000000125
1646004568116;2.3505035967015155;0.24629658235608326;49.50800000000124
1646004568135;2.3505100898680205;0.24630418753778352;49.51200000000123
1646004568155;2.3505165825035683;0.24631179317277366;49.51600000000122
1646004568176;2.350523074608127;0.2463193992610168;49.52000000000121
1646004568195;2.350529566181665;0.2463270058024758;49.5240000000012
1646004568216;2.3505360572241503;0.2463346127971136;49.52800000000119
1646004568235;2.3505425477355506;0.2463422202448931;49.53200000000118
1646004568256;2.3505490377158367;0.24634982814577724;49.536000000001174
1646004568275;2.3505555271649734;0.24635743649972894;49.540000000001164
1646004568296;2.350562016082931;0.2463650453067111;49.544000000001155
1646004568317;2.3505685044696776;0.2463726545666867;49.548000000001146
1646004568337;2.350574992325182;0.24638026427961854;49.55200000000114
1646004568355;2.3505814796494136;0.24638787444546967;49.55600000000113
1646004568375;2.3505879664423395;0.24639548506420286;49.56000000000112
1646004568396;2.3505944527039278;0.24640309613578112;49.56400000000111
1646004568416;2.3506009384341473;0.24641070766016726;49.5680000000011
1646004568436;2.350607423632966;0.24641831963732425;49.57200000000109
1646004568457;2.3506139083003528;0.24642593206721503;49.57600000000108
1646004568476;2.3506203924362743;0.2464335449498024;49.58000000000107
1646004568495;2.3506268760407023;0.24644115828504926;49.58400000000106
1646004568515;2.3506333591136035;0.24644877207291865;49.58800000000105
1646004568535;2.3506398416549463;0.24645638631337335;49.59200000000104
1646004568555;2.3506463236646984;0.24646400100637625;49.596000000001034
1646004568575;2.350652805142829;0.24647161615189025;49.600000000001025
1646004568596;2.350659286089306;0.24647923174987815;49.604000000001015
1646004568616;2.350665766504098;0.24648684780030294;49.608000000001006
1646004568636;2.3506722463871745;0.24649446430312744;49.612000000001
1646004568655;2.3506787257385025;0.2465020812583146;49.61600000000099
1646004568676;2.3506852045580513;0.2465096986658272;49.62000000000098
1646004568696;2.3506916828457887;0.2465173165256282;49.62400000000097
1646004568716;2.350698160601683;0.2465249348376804;49.62800000000096
1646004568735;2.3507046378257037;0.24653255360194676;49.63200000000095
1646004568756;2.3507111145178183;0.2465401728183901;49.63600000000094
1646004568775;2.3507175906779962;0.24654779248697326;49.64000000000093
1646004568795;2.3507240663062046;0.24655541260765912;49.64400000000092
1646004568817;2.3507305414024104;0.2465630331804106;49.64800000000091
1646004568835;2.3507370159665864;0.2465706542051904;49.6520000000009
1646004568856;2.3507434899986985;0.24657827568196147;49.656000000000894
1646004568876;2.350749963498714;0.2465858976106867;49.660000000000885
1646004568895;2.350756436466604;0.24659351999132897;49.664000000000875
1646004568915;2.3507629089023356;0.24660114282385104;49.668000000000866
1646004568936;2.3507693808058785;0.24660876610821578;49.67200000000086
1646004568956;2.3507758521771986;0.24661638984438602;49.67600000000085
1646004568977;2.3507823230162663;0.2466240140323247;49.68000000000084
1646004568996;2.3507887933230496;0.24663163867199453;49.68400000000083
1646004569015;2.350795263097516;0.24663926376335843;49.68800000000082
1646004569035;2.350801732339636;0.2466468893063792;49.69200000000081
1646004569055;2.350808201049377;0.24665451530101967;49.6960000000008
1646004569075;2.3508146692267062;0.24666214174724277;49.70000000000079
1646004569096;2.350821136871594;0.24666976864501128;49.70400000000078
1646004569116;2.350827603984007;0.24667739599428795;49.70800000000077
1646004569135;2.350834070563916;0.2466850237950356;49.712000000000764
1646004569155;2.350840536611286;0.24669265204721713;49.716000000000754
1646004569175;2.3508470021260903;0.2467002807507953;49.720000000000745
1646004569196;2.3508534671082937;0.24670790990573305;49.724000000000736
1646004569216;2.3508599315578667;0.24671553951199304;49.728000000000726
1646004569236;2.350866395474777;0.24672316956953816;49.73200000000072
1646004569257;2.350872858858993;0.2467308000783312;49.73600000000071
1646004569276;2.3508793217104835;0.24673843103833504;49.7400000000007
1646004569296;2.3508857840292157;0.24674606244951236;49.74400000000069
1646004569316;2.3508922458151584;0.24675369431182603;49.74800000000068
1646004569335;2.350898707068282;0.24676132662523892;49.75200000000067
1646004569356;2.3509051677885537;0.24676895938971377;49.75600000000066
1646004569375;2.350911627975942;0.24677659260521337;49.76000000000065
1646004569395;2.3509180876304163;0.24678422627170046;49.76400000000064
1646004569415;2.350924546751944;0.24679186038913795;49.76800000000063
1646004569436;2.3509310053404944;0.2467994949574886;49.772000000000624
1646004569456;2.3509374633960354;0.24680712997671517;49.776000000000614
1646004569476;2.350943920918536;0.2468147654467804;49.780000000000605
1646004569497;2.3509503779079637;0.24682240136764713;49.784000000000596
1646004569516;2.3509568343642884;0.2468300377392782;49.78800000000059
1646004569536;2.3509632902874777;0.2468376745616364;49.79200000000058
1646004569556;2.350969745677501;0.24684531183468444;49.79600000000057
1646004569576;2.3509762005343267;0.24685294955838505;49.80000000000056
1646004569597;2.3509826548579222;0.24686058773270111;49.80400000000055
1646004569615;2.350989108648257;0.24686822635759534;49.80800000000054
1646004569636;2.3509955619052993;0.24687586543303053;49.81200000000053
1646004569655;2.3510020146290174;0.24688350495896938;49.81600000000052
1646004569675;2.3510084668193807;0.2468911449353747;49.82000000000051
1646004569696;2.3510149184763574;0.24689878536220936;49.8240000000005
1646004569716;2.351021369599916;0.24690642623943598;49.82800000000049
1646004569735;2.351027820190025;0.24691406756701734;49.832000000000484
1646004569756;2.3510342702466525;0.24692170934491625;49.836000000000475
1646004569776;2.3510407197697676;0.24692935157309545;49.840000000000465
1646004569796;2.351047168759339;0.24693699425151766;49.844000000000456
1646004569815;2.351053617215335;0.24694463738014577;49.84800000000045
1646004569836;2.3510600651377254;0.24695228095894234;49.85200000000044
1646004569856;2.3510665125264767;0.24695992498787012;49.85600000000043
1646004569877;2.351072959381559;0.2469675694668919;49.86000000000042
1646004569895;2.3510794057029396;0.24697521439597053;49.86400000000041
1646004569915;2.351085851490588;0.24698285977506865;49.8680000000004
1646004569935;2.351092296744473;0.24699050560414898;49.87200000000039
1646004569955;2.3510987414645625;0.24699815188317428;49.87600000000038
1646004569977;2.351105185650825;0.24700579861210728;49.88000000000037
1646004569996;2.3511116293032295;0.2470134457909107;49.88400000000036
1646004570015;2.3511180724217446;0.24702109341954728;49.88800000000035
1646004570035;2.351124515006339;0.24702874149797982;49.892000000000344
1646004570055;2.3511309570569816;0.24703639002617092;49.896000000000335
1646004570075;2.3511373985736395;0.24704403900408337;49.900000000000325
